Date,DateIndex,FilePath,ML,RaDiUS,Mixed,RD
00000001,0,/Users/henrychen/Downloads/EmperorAiphaton/EmperorAiphaton-MetricDistortion-4872305/spotifyday/00047-00000001.soc,2.333333333333332,2.030418903800708,2.197726771514588,2.180626780626776
00000002,1,/Users/henrychen/Downloads/EmperorAiphaton/EmperorAiphaton-MetricDistortion-4872305/spotifyday/00047-00000002.soc,2.0499999999999994,2.040107194066045,2.045529371242567,2.2882882882882885
00000003,2,/Users/henrychen/Downloads/EmperorAiphaton/EmperorAiphaton-MetricDistortion-4872305/spotifyday/00047-00000003.soc,1.9999999999999991,2.020899534526551,1.9986902085796352,2.3220512820512806
00000004,3,/Users/henrychen/Downloads/EmperorAiphaton/EmperorAiphaton-MetricDistortion-4872305/spotifyday/00047-00000004.soc,1.9411764705882335,2.0092913734871174,1.930107775239736,2.3610526315789464
00000005,4,/Users/henrychen/Downloads/EmperorAiphaton/EmperorAiphaton-MetricDistortion-4872305/spotifyday/00047-00000005.soc,1.9729729729729715,2.033134726393467,2.0001503099026854,2.3052631578947382
00000006,5,/Users/henrychen/Downloads/EmperorAiphaton/EmperorAiphaton-MetricDistortion-4872305/spotifyday/00047-00000006.soc,1.6999999999999993,1.7389764732756847,1.6949934848774457,2.5294117647058765
00000007,6,/Users/henrychen/Downloads/EmperorAiphaton/EmperorAiphaton-MetricDistortion-4872305/spotifyday/00047-00000007.soc,1.9411764705882335,1.8100729619434766,1.8537220153340992,2.3955555555555526
00000008,7,/Users/henrychen/Downloads/EmperorAiphaton/EmperorAiphaton-MetricDistortion-4872305/spotifyday/00047-00000008.soc,1.9090909090909078,1.8615600731783044,1.8286477123806684,2.3750000000000004
00000009,8,/Users/henrychen/Downloads/EmperorAiphaton/EmperorAiphaton-MetricDistortion-4872305/spotifyday/00047-00000009.soc,1.272727272727272,1.2709566673476718,1.2719346207950561,2.782312925170065
00000010,9,/Users/henrychen/Downloads/EmperorAiphaton/EmperorAiphaton-MetricDistortion-4872305/spotifyday/00047-00000010.soc,1.222222222222222,1.2215297187848682,1.2219122072442885,2.82857142857143
00000011,10,/Users/henrychen/Downloads/EmperorAiphaton/EmperorAiphaton-MetricDistortion-4872305/spotifyday/00047-00000011.soc,1.1702127659574464,1.1717921941284621,1.1709262533330567,2.8880000000000017
00000012,11,/Users/henrychen/Downloads/EmperorAiphaton/EmperorAiphaton-MetricDistortion-4872305/spotifyday/00047-00000012.soc,1.9090909090909083,1.8085738843436543,1.8286677889586564,2.411458333333333
00000013,12,/Users/henrychen/Downloads/EmperorAiphaton/EmperorAiphaton-MetricDistortion-4872305/spotifyday/00047-00000013.soc,1.1224489795918375,1.1230552232749047,1.1227227480376507,2.9038461538461493
00000014,13,/Users/henrychen/Downloads/EmperorAiphaton/EmperorAiphaton-MetricDistortion-4872305/spotifyday/00047-00000014.soc,1.1739130434782612,1.1727904253453643,1.1734059144551454,2.840000000000001
00000015,14,/Users/henrychen/Downloads/EmperorAiphaton/EmperorAiphaton-MetricDistortion-4872305/spotifyday/00047-00000015.soc,1.1304347826086958,1.179185264415344,1.1300935976465702,2.877551020408165
00000016,15,/Users/henrychen/Downloads/EmperorAiphaton/EmperorAiphaton-MetricDistortion-4872305/spotifyday/00047-00000016.soc,1.0,1.0,1.0,1.0
00000017,16,/Users/henrychen/Downloads/EmperorAiphaton/EmperorAiphaton-MetricDistortion-4872305/spotifyday/00047-00000017.soc,1.0416666666666672,1.1869759280855798,1.083704044041994,2.9591836734693895
00000018,17,/Users/henrychen/Downloads/EmperorAiphaton/EmperorAiphaton-MetricDistortion-4872305/spotifyday/00047-00000018.soc,1.6315789473684215,1.5975520399301648,1.6023968970203317,2.582857142857141
00000019,18,/Users/henrychen/Downloads/EmperorAiphaton/EmperorAiphaton-MetricDistortion-4872305/spotifyday/00047-00000019.soc,1.0,1.0,1.0,1.0
00000020,19,/Users/henrychen/Downloads/EmperorAiphaton/EmperorAiphaton-MetricDistortion-4872305/spotifyday/00047-00000020.soc,1.0416666666666672,1.1869759280855798,1.0837040440419945,2.9591836734693895
00000021,20,/Users/henrychen/Downloads/EmperorAiphaton/EmperorAiphaton-MetricDistortion-4872305/spotifyday/00047-00000021.soc,1.7999999999999987,1.7388800790965686,1.7430725687189974,2.4948979591836737
00000022,21,/Users/henrychen/Downloads/EmperorAiphaton/EmperorAiphaton-MetricDistortion-4872305/spotifyday/00047-00000022.soc,1.7428571428571418,1.711946364121036,1.6951833893193209,2.494047619047622
00000023,22,/Users/henrychen/Downloads/EmperorAiphaton/EmperorAiphaton-MetricDistortion-4872305/spotifyday/00047-00000023.soc,1.5945945945945927,1.5795314300053716,1.569467793411304,2.5763888888888933
00000024,23,/Users/henrychen/Downloads/EmperorAiphaton/EmperorAiphaton-MetricDistortion-4872305/spotifyday/00047-00000024.soc,1.041666666666667,1.1869759280855783,1.0837040440419954,2.959183673469389
00000025,24,/Users/henrychen/Downloads/EmperorAiphaton/EmperorAiphaton-MetricDistortion-4872305/spotifyday/00047-00000025.soc,1.042553191489362,1.0425469528964135,1.0425503722252194,2.9583333333333313
00000026,25,/Users/henrychen/Downloads/EmperorAiphaton/EmperorAiphaton-MetricDistortion-4872305/spotifyday/00047-00000026.soc,1.0416666666666672,1.18697592808558,1.0837040440419943,2.9591836734693895
00000027,26,/Users/henrychen/Downloads/EmperorAiphaton/EmperorAiphaton-MetricDistortion-4872305/spotifyday/00047-00000027.soc,1.042553191489362,1.0425469528964135,1.0425503722252194,2.9583333333333313
00000028,27,/Users/henrychen/Downloads/EmperorAiphaton/EmperorAiphaton-MetricDistortion-4872305/spotifyday/00047-00000028.soc,1.040816326530613,1.1581488294716302,1.0714418011314975,2.9600000000000013
00000029,28,/Users/henrychen/Downloads/EmperorAiphaton/EmperorAiphaton-MetricDistortion-4872305/spotifyday/00047-00000029.soc,1.7428571428571418,1.7656513881438904,1.6951228154154467,2.458333333333334
00000030,29,/Users/henrychen/Downloads/EmperorAiphaton/EmperorAiphaton-MetricDistortion-4872305/spotifyday/00047-00000030.soc,1.0416666666666672,1.18697592808558,1.0837040440419943,2.9591836734693895
00000031,30,/Users/henrychen/Downloads/EmperorAiphaton/EmperorAiphaton-MetricDistortion-4872305/spotifyday/00047-00000031.soc,1.333333333333333,1.3287887795256978,1.3312988600406452,2.7142857142857157
00000032,31,/Users/henrychen/Downloads/EmperorAiphaton/EmperorAiphaton-MetricDistortion-4872305/spotifyday/00047-00000032.soc,1.0,1.0,1.0,1.0
00000033,32,/Users/henrychen/Downloads/EmperorAiphaton/EmperorAiphaton-MetricDistortion-4872305/spotifyday/00047-00000033.soc,1.0,1.0,1.0,1.0
00000034,33,/Users/henrychen/Downloads/EmperorAiphaton/EmperorAiphaton-MetricDistortion-4872305/spotifyday/00047-00000034.soc,1.9411764705882335,1.875993197470401,1.853543148002684,2.3600000000000008
00000035,34,/Users/henrychen/Downloads/EmperorAiphaton/EmperorAiphaton-MetricDistortion-4872305/spotifyday/00047-00000035.soc,2.0,1.84568598070942,1.8986534086980256,2.3700980392156867
00000036,35,/Users/henrychen/Downloads/EmperorAiphaton/EmperorAiphaton-MetricDistortion-4872305/spotifyday/00047-00000036.soc,2.0,1.8456859807094201,1.8986534086980256,2.3700980392156867
00000037,36,/Users/henrychen/Downloads/EmperorAiphaton/EmperorAiphaton-MetricDistortion-4872305/spotifyday/00047-00000037.soc,1.0,1.0,1.0,1.0
00000038,37,/Users/henrychen/Downloads/EmperorAiphaton/EmperorAiphaton-MetricDistortion-4872305/spotifyday/00047-00000038.soc,1.0,1.0,1.0,1.0
00000039,38,/Users/henrychen/Downloads/EmperorAiphaton/EmperorAiphaton-MetricDistortion-4872305/spotifyday/00047-00000039.soc,2.0,1.897680038764763,1.8985830151964567,2.3333333333333335
00000040,39,/Users/henrychen/Downloads/EmperorAiphaton/EmperorAiphaton-MetricDistortion-4872305/spotifyday/00047-00000040.soc,1.0,1.0,1.0,1.0
00000041,40,/Users/henrychen/Downloads/EmperorAiphaton/EmperorAiphaton-MetricDistortion-4872305/spotifyday/00047-00000041.soc,1.0,1.0,1.0,1.0
00000042,41,/Users/henrychen/Downloads/EmperorAiphaton/EmperorAiphaton-MetricDistortion-4872305/spotifyday/00047-00000042.soc,1.0,1.0,1.0,1.0
00000043,42,/Users/henrychen/Downloads/EmperorAiphaton/EmperorAiphaton-MetricDistortion-4872305/spotifyday/00047-00000043.soc,2.0,1.897680038764763,1.8985830151964567,2.3333333333333335
00000044,43,/Users/henrychen/Downloads/EmperorAiphaton/EmperorAiphaton-MetricDistortion-4872305/spotifyday/00047-00000044.soc,1.9999999999999998,1.897680038764763,1.8985830151964567,2.3333333333333335
00000045,44,/Users/henrychen/Downloads/EmperorAiphaton/EmperorAiphaton-MetricDistortion-4872305/spotifyday/00047-00000045.soc,2.0,1.897680038764763,1.8985830151964567,2.3333333333333335
00000046,45,/Users/henrychen/Downloads/EmperorAiphaton/EmperorAiphaton-MetricDistortion-4872305/spotifyday/00047-00000046.soc,1.0,1.0,1.0,1.0
00000047,46,/Users/henrychen/Downloads/EmperorAiphaton/EmperorAiphaton-MetricDistortion-4872305/spotifyday/00047-00000047.soc,2.0,1.897680038764763,1.8985830151964564,2.3333333333333335
00000048,47,/Users/henrychen/Downloads/EmperorAiphaton/EmperorAiphaton-MetricDistortion-4872305/spotifyday/00047-00000048.soc,1.041666666666667,1.186975928085578,1.0837040440419954,2.959183673469389
00000049,48,/Users/henrychen/Downloads/EmperorAiphaton/EmperorAiphaton-MetricDistortion-4872305/spotifyday/00047-00000049.soc,2.0,1.84568598070942,1.8985995783732958,2.3700980392156867
00000050,49,/Users/henrychen/Downloads/EmperorAiphaton/EmperorAiphaton-MetricDistortion-4872305/spotifyday/00047-00000050.soc,2.0322580645161277,1.8721233301827986,1.9220850343142235,2.356695869837299
00000051,50,/Users/henrychen/Downloads/EmperorAiphaton/EmperorAiphaton-MetricDistortion-4872305/spotifyday/00047-00000051.soc,1.0400000000000007,1.1350956108834263,1.0604786352930475,2.9607843137254886
00000052,51,/Users/henrychen/Downloads/EmperorAiphaton/EmperorAiphaton-MetricDistortion-4872305/spotifyday/00047-00000052.soc,1.040816326530613,1.158148829471632,1.0714418011315006,2.960000000000001
00000053,52,/Users/henrychen/Downloads/EmperorAiphaton/EmperorAiphaton-MetricDistortion-4872305/spotifyday/00047-00000053.soc,1.040816326530613,1.158148829471632,1.0714418011315003,2.960000000000001
00000054,53,/Users/henrychen/Downloads/EmperorAiphaton/EmperorAiphaton-MetricDistortion-4872305/spotifyday/00047-00000054.soc,1.8571428571428557,1.7233940202263696,1.788288790875607,2.4888888888888867
00000055,54,/Users/henrychen/Downloads/EmperorAiphaton/EmperorAiphaton-MetricDistortion-4872305/spotifyday/00047-00000055.soc,1.1739130434782608,1.1740533707448728,1.1739764346061499,2.8640000000000017
00000056,55,/Users/henrychen/Downloads/EmperorAiphaton/EmperorAiphaton-MetricDistortion-4872305/spotifyday/00047-00000056.soc,1.9696969696969688,1.7593157608770311,1.8755150172447108,2.4693877551020433
00000057,56,/Users/henrychen/Downloads/EmperorAiphaton/EmperorAiphaton-MetricDistortion-4872305/spotifyday/00047-00000057.soc,2.0,1.7757082713763193,1.898640986315394,2.469202898550724
00000058,57,/Users/henrychen/Downloads/EmperorAiphaton/EmperorAiphaton-MetricDistortion-4872305/spotifyday/00047-00000058.soc,2.0,1.7757815748434704,1.8986741126690736,2.486111111111111
00000059,58,/Users/henrychen/Downloads/EmperorAiphaton/EmperorAiphaton-MetricDistortion-4872305/spotifyday/00047-00000059.soc,1.833333333333332,1.6891126392945413,1.7687696461828377,2.5481670929241265
00000060,59,/Users/henrychen/Downloads/EmperorAiphaton/EmperorAiphaton-MetricDistortion-4872305/spotifyday/00047-00000060.soc,1.2222222222222219,1.2230111732989528,1.2225786212301322,2.8342857142857127
00000061,60,/Users/henrychen/Downloads/EmperorAiphaton/EmperorAiphaton-MetricDistortion-4872305/spotifyday/00047-00000061.soc,1.1200000000000006,1.1210823131770307,1.1204845222097037,2.90188679245283
00000062,61,/Users/henrychen/Downloads/EmperorAiphaton/EmperorAiphaton-MetricDistortion-4872305/spotifyday/00047-00000062.soc,1.0384615384615392,1.0852731594024598,1.0388568363016246,2.9622641509433936
00000063,62,/Users/henrychen/Downloads/EmperorAiphaton/EmperorAiphaton-MetricDistortion-4872305/spotifyday/00047-00000063.soc,1.0384615384615392,1.0852731594024572,1.0395486075217732,2.962264150943395
00000064,63,/Users/henrychen/Downloads/EmperorAiphaton/EmperorAiphaton-MetricDistortion-4872305/spotifyday/00047-00000064.soc,1.8888888888888873,1.7356538286971945,1.8129332433146934,2.475708502024289
00000065,64,/Users/henrychen/Downloads/EmperorAiphaton/EmperorAiphaton-MetricDistortion-4872305/spotifyday/00047-00000065.soc,1.0800000000000005,1.10715357098257,1.0804407671977607,2.9423076923076885
00000066,65,/Users/henrychen/Downloads/EmperorAiphaton/EmperorAiphaton-MetricDistortion-4872305/spotifyday/00047-00000066.soc,1.07843137254902,1.0844532251774368,1.078762448331053,2.9433962264151035
00000067,66,/Users/henrychen/Downloads/EmperorAiphaton/EmperorAiphaton-MetricDistortion-4872305/spotifyday/00047-00000067.soc,1.07843137254902,1.0844532251774368,1.0787480537318341,2.9433962264151035
00000068,67,/Users/henrychen/Downloads/EmperorAiphaton/EmperorAiphaton-MetricDistortion-4872305/spotifyday/00047-00000068.soc,1.07843137254902,1.0844532251774368,1.0786904753349593,2.9433962264151035
00000069,68,/Users/henrychen/Downloads/EmperorAiphaton/EmperorAiphaton-MetricDistortion-4872305/spotifyday/00047-00000069.soc,1.07843137254902,1.0844532251774366,1.0787192645333967,2.9433962264151035
00000070,69,/Users/henrychen/Downloads/EmperorAiphaton/EmperorAiphaton-MetricDistortion-4872305/spotifyday/00047-00000070.soc,1.0800000000000005,1.1071535709825682,1.0802874568681051,2.942307692307688
00000071,70,/Users/henrychen/Downloads/EmperorAiphaton/EmperorAiphaton-MetricDistortion-4872305/spotifyday/00047-00000071.soc,2.0322580645161277,1.7864161062527624,1.922201297783949,2.442553191489364
00000072,71,/Users/henrychen/Downloads/EmperorAiphaton/EmperorAiphaton-MetricDistortion-4872305/spotifyday/00047-00000072.soc,1.07843137254902,1.0844532251774368,1.0787336591326153,2.9433962264151035
00000073,72,/Users/henrychen/Downloads/EmperorAiphaton/EmperorAiphaton-MetricDistortion-4872305/spotifyday/00047-00000073.soc,1.07843137254902,1.0844532251774364,1.0786185023388652,2.943396226415101
00000074,73,/Users/henrychen/Downloads/EmperorAiphaton/EmperorAiphaton-MetricDistortion-4872305/spotifyday/00047-00000074.soc,1.07843137254902,1.0844532251774368,1.0786472915373027,2.9433962264150955
00000075,74,/Users/henrychen/Downloads/EmperorAiphaton/EmperorAiphaton-MetricDistortion-4872305/spotifyday/00047-00000075.soc,1.07843137254902,1.0844532251774368,1.0786616861365215,2.943396226415104
00000076,75,/Users/henrychen/Downloads/EmperorAiphaton/EmperorAiphaton-MetricDistortion-4872305/spotifyday/00047-00000076.soc,1.07843137254902,1.0844532251774368,1.078690475334959,2.9433962264151035
00000077,76,/Users/henrychen/Downloads/EmperorAiphaton/EmperorAiphaton-MetricDistortion-4872305/spotifyday/00047-00000077.soc,1.0800000000000005,1.1071535709825682,1.0801724741208634,2.942307692307688
00000078,77,/Users/henrychen/Downloads/EmperorAiphaton/EmperorAiphaton-MetricDistortion-4872305/spotifyday/00047-00000078.soc,1.0851063829787233,1.1850282621680197,1.0854403086863378,2.9387755102040756
00000079,78,/Users/henrychen/Downloads/EmperorAiphaton/EmperorAiphaton-MetricDistortion-4872305/spotifyday/00047-00000079.soc,1.0833333333333335,1.156535065905596,1.0837585821495928,2.939999999999995
00000080,79,/Users/henrychen/Downloads/EmperorAiphaton/EmperorAiphaton-MetricDistortion-4872305/spotifyday/00047-00000080.soc,2.030303030303029,1.790213210998902,1.921845388335464,2.4747826086956524
00000081,80,/Users/henrychen/Downloads/EmperorAiphaton/EmperorAiphaton-MetricDistortion-4872305/spotifyday/00047-00000081.soc,2.0322580645161277,1.7867623813605447,1.9223563157435801,2.493061979648475
00000082,81,/Users/henrychen/Downloads/EmperorAiphaton/EmperorAiphaton-MetricDistortion-4872305/spotifyday/00047-00000082.soc,1.222222222222222,1.2245594213232922,1.2232685227727456,2.867346938775509
00000083,82,/Users/henrychen/Downloads/EmperorAiphaton/EmperorAiphaton-MetricDistortion-4872305/spotifyday/00047-00000083.soc,2.09090909090909,1.8117262282620534,1.9659265069473584,2.450980392156858
00000084,83,/Users/henrychen/Downloads/EmperorAiphaton/EmperorAiphaton-MetricDistortion-4872305/spotifyday/00047-00000084.soc,2.1612903225806437,1.839886865926098,2.017406725550183,2.431972789115648
00000085,84,/Users/henrychen/Downloads/EmperorAiphaton/EmperorAiphaton-MetricDistortion-4872305/spotifyday/00047-00000085.soc,2.200000000000001,1.8580897099884768,2.0454883290755257,2.4201388888888933
00000086,85,/Users/henrychen/Downloads/EmperorAiphaton/EmperorAiphaton-MetricDistortion-4872305/spotifyday/00047-00000086.soc,1.2173913043478262,1.2194962133470069,1.2183421712661708,2.8699999999999926
00000087,86,/Users/henrychen/Downloads/EmperorAiphaton/EmperorAiphaton-MetricDistortion-4872305/spotifyday/00047-00000087.soc,1.1777777777777778,1.1780579599188792,1.1779043940629577,2.892857142857139
00000088,87,/Users/henrychen/Downloads/EmperorAiphaton/EmperorAiphaton-MetricDistortion-4872305/spotifyday/00047-00000088.soc,1.1702127659574473,1.1783845899726992,1.1739042875964643,2.9022222222222207
00000089,88,/Users/henrychen/Downloads/EmperorAiphaton/EmperorAiphaton-MetricDistortion-4872305/spotifyday/00047-00000089.soc,2.125,1.8305757250192032,1.9919974316487854,2.4399999999999964
00000090,89,/Users/henrychen/Downloads/EmperorAiphaton/EmperorAiphaton-MetricDistortion-4872305/spotifyday/00047-00000090.soc,1.0816326530612252,1.1335516610447571,1.084224594573787,2.93837535014005
00000091,90,/Users/henrychen/Downloads/EmperorAiphaton/EmperorAiphaton-MetricDistortion-4872305/spotifyday/00047-00000091.soc,1.127659574468085,1.1549213023395573,1.1322817318144165,2.91999999999999
00000092,91,/Users/henrychen/Downloads/EmperorAiphaton/EmperorAiphaton-MetricDistortion-4872305/spotifyday/00047-00000092.soc,1.1304347826086953,1.1817821523054237,1.137334300731724,2.9047619047619038
00000093,92,/Users/henrychen/Downloads/EmperorAiphaton/EmperorAiphaton-MetricDistortion-4872305/spotifyday/00047-00000093.soc,1.1276595744680855,1.1522805983224074,1.1365006136875755,2.8872727272727254
00000094,93,/Users/henrychen/Downloads/EmperorAiphaton/EmperorAiphaton-MetricDistortion-4872305/spotifyday/00047-00000094.soc,1.1250000000000004,1.139691647683571,1.131577051588117,2.8980392156862695
00000095,94,/Users/henrychen/Downloads/EmperorAiphaton/EmperorAiphaton-MetricDistortion-4872305/spotifyday/00047-00000095.soc,1.1818181818181812,1.1820847398805407,1.181938641286107,2.8576388888888884
00000096,95,/Users/henrychen/Downloads/EmperorAiphaton/EmperorAiphaton-MetricDistortion-4872305/spotifyday/00047-00000096.soc,1.1739130434782612,1.1779825342100068,1.1757513861870592,2.8760000000000003
00000097,96,/Users/henrychen/Downloads/EmperorAiphaton/EmperorAiphaton-MetricDistortion-4872305/spotifyday/00047-00000097.soc,1.355555555555555,1.3580139570719263,1.3566561151351022,2.7836477987421384
00000098,97,/Users/henrychen/Downloads/EmperorAiphaton/EmperorAiphaton-MetricDistortion-4872305/spotifyday/00047-00000098.soc,1.2857142857142858,1.286698646558852,1.286159125320844,2.7992424242424288
00000099,98,/Users/henrychen/Downloads/EmperorAiphaton/EmperorAiphaton-MetricDistortion-4872305/spotifyday/00047-00000099.soc,1.2857142857142858,1.286698646558852,1.286159125320844,2.7992424242424288
00000100,99,/Users/henrychen/Downloads/EmperorAiphaton/EmperorAiphaton-MetricDistortion-4872305/spotifyday/00047-00000100.soc,1.2790697674418612,1.295375807681882,1.2863695387245906,2.8129251700680253
00000101,100,/Users/henrychen/Downloads/EmperorAiphaton/EmperorAiphaton-MetricDistortion-4872305/spotifyday/00047-00000101.soc,1.2173913043478262,1.2291974859945956,1.222676611171262,2.8395721925133723
00000102,101,/Users/henrychen/Downloads/EmperorAiphaton/EmperorAiphaton-MetricDistortion-4872305/spotifyday/00047-00000102.soc,1.2222222222222219,1.2390770861341664,1.2298362010276194,2.819999999999998
00000103,102,/Users/henrychen/Downloads/EmperorAiphaton/EmperorAiphaton-MetricDistortion-4872305/spotifyday/00047-00000103.soc,1.2325581395348846,1.2338810114071441,1.2331559546617568,2.806818181818187
00000104,103,/Users/henrychen/Downloads/EmperorAiphaton/EmperorAiphaton-MetricDistortion-4872305/spotifyday/00047-00000104.soc,1.2380952380952384,1.238819392784926,1.2384194224790752,2.8358662613981744
00000105,104,/Users/henrychen/Downloads/EmperorAiphaton/EmperorAiphaton-MetricDistortion-4872305/spotifyday/00047-00000105.soc,1.2857142857142856,1.2860493872783965,1.2858657204739674,2.797619047619045
00000106,105,/Users/henrychen/Downloads/EmperorAiphaton/EmperorAiphaton-MetricDistortion-4872305/spotifyday/00047-00000106.soc,1.1818181818181812,1.1829377256800855,1.1823241115834735,2.847222222222223
00000107,106,/Users/henrychen/Downloads/EmperorAiphaton/EmperorAiphaton-MetricDistortion-4872305/spotifyday/00047-00000107.soc,1.2790697674418614,1.2845957033009785,1.281543578821008,2.79047619047619
00000108,107,/Users/henrychen/Downloads/EmperorAiphaton/EmperorAiphaton-MetricDistortion-4872305/spotifyday/00047-00000108.soc,1.2790697674418614,1.2795198166355157,1.2792731478458501,2.788690476190476
00000109,108,/Users/henrychen/Downloads/EmperorAiphaton/EmperorAiphaton-MetricDistortion-4872305/spotifyday/00047-00000109.soc,2.1875,1.8510276832901376,2.0355027426257157,2.463749999999999
00000110,109,/Users/henrychen/Downloads/EmperorAiphaton/EmperorAiphaton-MetricDistortion-4872305/spotifyday/00047-00000110.soc,2.5714285714285725,1.9395344659125602,2.288546744984143,2.3518862090290646
00000111,110,/Users/henrychen/Downloads/EmperorAiphaton/EmperorAiphaton-MetricDistortion-4872305/spotifyday/00047-00000111.soc,2.411764705882352,1.946670130736309,2.1297523658705146,2.2424969987995236
00000112,111,/Users/henrychen/Downloads/EmperorAiphaton/EmperorAiphaton-MetricDistortion-4872305/spotifyday/00047-00000112.soc,2.655172413793103,1.9302872539576983,2.330661018312927,2.3071895424836604
00000113,112,/Users/henrychen/Downloads/EmperorAiphaton/EmperorAiphaton-MetricDistortion-4872305/spotifyday/00047-00000113.soc,2.840000000000001,2.0041703115179694,2.462282670196047,2.202586206896551
00000114,113,/Users/henrychen/Downloads/EmperorAiphaton/EmperorAiphaton-MetricDistortion-4872305/spotifyday/00047-00000114.soc,2.470588235294116,1.9199453170013392,2.1580252837005225,2.2729411764705874
00000115,114,/Users/henrychen/Downloads/EmperorAiphaton/EmperorAiphaton-MetricDistortion-4872305/spotifyday/00047-00000115.soc,2.277777777777777,1.9127952651518638,2.0558245842304013,2.298642533936647
00000116,115,/Users/henrychen/Downloads/EmperorAiphaton/EmperorAiphaton-MetricDistortion-4872305/spotifyday/00047-00000116.soc,2.257142857142856,1.9422983766622939,2.0569718754305804,2.3142857142857154
00000117,116,/Users/henrychen/Downloads/EmperorAiphaton/EmperorAiphaton-MetricDistortion-4872305/spotifyday/00047-00000117.soc,2.3142857142857127,1.9299604512111368,2.091312142631392,2.3107692307692305
00000118,117,/Users/henrychen/Downloads/EmperorAiphaton/EmperorAiphaton-MetricDistortion-4872305/spotifyday/00047-00000118.soc,1.947368421052632,1.8573853932715654,1.8466479032927192,2.4596695821185643
00000119,118,/Users/henrychen/Downloads/EmperorAiphaton/EmperorAiphaton-MetricDistortion-4872305/spotifyday/00047-00000119.soc,1.9743589743589736,1.8591884579288724,1.8619017011390178,2.4705882352941195
00000120,119,/Users/henrychen/Downloads/EmperorAiphaton/EmperorAiphaton-MetricDistortion-4872305/spotifyday/00047-00000120.soc,1.9714285714285704,1.8767398274217781,1.8606220865858956,2.4004629629629646
00000121,120,/Users/henrychen/Downloads/EmperorAiphaton/EmperorAiphaton-MetricDistortion-4872305/spotifyday/00047-00000121.soc,1.871794871794871,1.8384147347486386,1.7913131433177178,2.4989473684210535
00000122,121,/Users/henrychen/Downloads/EmperorAiphaton/EmperorAiphaton-MetricDistortion-4872305/spotifyday/00047-00000122.soc,1.926829268292684,1.8913537750660656,1.8291913167890363,2.477088948787063
00000123,122,/Users/henrychen/Downloads/EmperorAiphaton/EmperorAiphaton-MetricDistortion-4872305/spotifyday/00047-00000123.soc,1.8292682926829276,1.764782873016544,1.7616984786943748,2.5238095238095246
00000124,123,/Users/henrychen/Downloads/EmperorAiphaton/EmperorAiphaton-MetricDistortion-4872305/spotifyday/00047-00000124.soc,1.9743589743589733,1.8237801117056227,1.8699077776496462,2.463494667760455
00000125,124,/Users/henrychen/Downloads/EmperorAiphaton/EmperorAiphaton-MetricDistortion-4872305/spotifyday/00047-00000125.soc,1.78048780487805,1.7026140673387073,1.7211391692743008,2.5490566037735904
00000126,125,/Users/henrychen/Downloads/EmperorAiphaton/EmperorAiphaton-MetricDistortion-4872305/spotifyday/00047-00000126.soc,1.8648648648648634,1.7653672674765506,1.7921391953648738,2.4884210526315793
00000127,126,/Users/henrychen/Downloads/EmperorAiphaton/EmperorAiphaton-MetricDistortion-4872305/spotifyday/00047-00000127.soc,1.9444444444444433,1.8276457818794158,1.851052123762466,2.469387755102044
00000128,127,/Users/henrychen/Downloads/EmperorAiphaton/EmperorAiphaton-MetricDistortion-4872305/spotifyday/00047-00000128.soc,1.871794871794871,1.739710964822532,1.7939963012618212,2.5076370170709823
00000129,128,/Users/henrychen/Downloads/EmperorAiphaton/EmperorAiphaton-MetricDistortion-4872305/spotifyday/00047-00000129.soc,1.864864864864864,1.7307302392465587,1.793010854335253,2.4999999999999947
00000130,129,/Users/henrychen/Downloads/EmperorAiphaton/EmperorAiphaton-MetricDistortion-4872305/spotifyday/00047-00000130.soc,1.918918918918917,1.7681827590054804,1.832491250182486,2.499533146591965
00000131,130,/Users/henrychen/Downloads/EmperorAiphaton/EmperorAiphaton-MetricDistortion-4872305/spotifyday/00047-00000131.soc,2.25,1.8665076978255037,2.0783209133943217,2.35529411764706
00000132,131,/Users/henrychen/Downloads/EmperorAiphaton/EmperorAiphaton-MetricDistortion-4872305/spotifyday/00047-00000132.soc,2.085714285714284,1.8053814547976894,1.9602168921956906,2.413522012578617
00000133,132,/Users/henrychen/Downloads/EmperorAiphaton/EmperorAiphaton-MetricDistortion-4872305/spotifyday/00047-00000133.soc,1.918918918918917,1.731705478461228,1.8343767883188962,2.489510489510489
00000134,133,/Users/henrychen/Downloads/EmperorAiphaton/EmperorAiphaton-MetricDistortion-4872305/spotifyday/00047-00000134.soc,1.9714285714285698,1.7662159782148854,1.874869660369713,2.4805194805194803
00000135,134,/Users/henrychen/Downloads/EmperorAiphaton/EmperorAiphaton-MetricDistortion-4872305/spotifyday/00047-00000135.soc,2.055555555555554,1.8306496399220489,1.9309562194155434,2.416083916083915
00000136,135,/Users/henrychen/Downloads/EmperorAiphaton/EmperorAiphaton-MetricDistortion-4872305/spotifyday/00047-00000136.soc,2.0270270270270254,1.832882731290823,1.9085116884446167,2.4271012006861046
00000137,136,/Users/henrychen/Downloads/EmperorAiphaton/EmperorAiphaton-MetricDistortion-4872305/spotifyday/00047-00000137.soc,1.9729729729729721,1.8047655411441457,1.8706188961192864,2.4505494505494454
00000138,137,/Users/henrychen/Downloads/EmperorAiphaton/EmperorAiphaton-MetricDistortion-4872305/spotifyday/00047-00000138.soc,1.8947368421052635,1.7389300750844154,1.8132681391094112,2.4896675651392637
00000139,138,/Users/henrychen/Downloads/EmperorAiphaton/EmperorAiphaton-MetricDistortion-4872305/spotifyday/00047-00000139.soc,1.8205128205128196,1.7713897091594106,1.7549582824138408,2.5073375262054487
00000140,139,/Users/henrychen/Downloads/EmperorAiphaton/EmperorAiphaton-MetricDistortion-4872305/spotifyday/00047-00000140.soc,1.7894736842105272,1.7289525391760552,1.7322711321884836,2.557777777777773
00000141,140,/Users/henrychen/Downloads/EmperorAiphaton/EmperorAiphaton-MetricDistortion-4872305/spotifyday/00047-00000141.soc,1.6499999999999992,1.663498251114205,1.6173565679247042,2.608000000000001
00000142,141,/Users/henrychen/Downloads/EmperorAiphaton/EmperorAiphaton-MetricDistortion-4872305/spotifyday/00047-00000142.soc,1.7499999999999993,1.6979135606436513,1.6984587250078287,2.579059829059825
00000143,142,/Users/henrychen/Downloads/EmperorAiphaton/EmperorAiphaton-MetricDistortion-4872305/spotifyday/00047-00000143.soc,1.7999999999999994,1.7362277093274867,1.7370753935097105,2.5531281032770656
00000144,143,/Users/henrychen/Downloads/EmperorAiphaton/EmperorAiphaton-MetricDistortion-4872305/spotifyday/00047-00000144.soc,1.7499999999999991,1.6920787045509973,1.6990628992682892,2.56813417190775
00000145,144,/Users/henrychen/Downloads/EmperorAiphaton/EmperorAiphaton-MetricDistortion-4872305/spotifyday/00047-00000145.soc,1.6829268292682937,1.6117418721909538,1.644598593924017,2.6226415094339592
00000146,145,/Users/henrychen/Downloads/EmperorAiphaton/EmperorAiphaton-MetricDistortion-4872305/spotifyday/00047-00000146.soc,1.6829268292682937,1.6427106200020338,1.6440435241346294,2.602663706992238
00000147,146,/Users/henrychen/Downloads/EmperorAiphaton/EmperorAiphaton-MetricDistortion-4872305/spotifyday/00047-00000147.soc,1.0,1.0,1.0,1.0
00000148,147,/Users/henrychen/Downloads/EmperorAiphaton/EmperorAiphaton-MetricDistortion-4872305/spotifyday/00047-00000148.soc,1.0,1.0,1.0,1.0
00000149,148,/Users/henrychen/Downloads/EmperorAiphaton/EmperorAiphaton-MetricDistortion-4872305/spotifyday/00047-00000149.soc,2.428571428571426,1.9500148799851686,2.2143346611458594,2.2830188679245342
00000150,149,/Users/henrychen/Downloads/EmperorAiphaton/EmperorAiphaton-MetricDistortion-4872305/spotifyday/00047-00000150.soc,2.1999999999999984,1.9093094288140608,2.0298081660543703,2.343724364232981
00000151,150,/Users/henrychen/Downloads/EmperorAiphaton/EmperorAiphaton-MetricDistortion-4872305/spotifyday/00047-00000151.soc,1.8947368421052642,1.8078223750746212,1.8130749484356883,2.44190665342602
00000152,151,/Users/henrychen/Downloads/EmperorAiphaton/EmperorAiphaton-MetricDistortion-4872305/spotifyday/00047-00000152.soc,1.7777777777777763,1.79527741159433,1.7160652109327845,2.4956521739130424
00000153,152,/Users/henrychen/Downloads/EmperorAiphaton/EmperorAiphaton-MetricDistortion-4872305/spotifyday/00047-00000153.soc,1.9729729729729713,1.840746696751909,1.8723656193093625,2.4226415094339706
00000154,153,/Users/henrychen/Downloads/EmperorAiphaton/EmperorAiphaton-MetricDistortion-4872305/spotifyday/00047-00000154.soc,1.9189189189189175,1.7384615412415456,1.8352682002896703,2.478885893980235
00000155,154,/Users/henrychen/Downloads/EmperorAiphaton/EmperorAiphaton-MetricDistortion-4872305/spotifyday/00047-00000155.soc,1.8947368421052637,1.7725148485160351,1.8136545204568593,2.4867924528301986
00000156,155,/Users/henrychen/Downloads/EmperorAiphaton/EmperorAiphaton-MetricDistortion-4872305/spotifyday/00047-00000156.soc,1.947368421052632,1.8423865652019549,1.8503552636287877,2.46037735849057
00000157,156,/Users/henrychen/Downloads/EmperorAiphaton/EmperorAiphaton-MetricDistortion-4872305/spotifyday/00047-00000157.soc,1.894736842105264,1.8088580814641224,1.8131908628399216,2.465739821251243
00000158,157,/Users/henrychen/Downloads/EmperorAiphaton/EmperorAiphaton-MetricDistortion-4872305/spotifyday/00047-00000158.soc,1.7499999999999993,1.6614784874657749,1.7103713234120845,2.5507637017071008
00000159,158,/Users/henrychen/Downloads/EmperorAiphaton/EmperorAiphaton-MetricDistortion-4872305/spotifyday/00047-00000159.soc,1.5714285714285705,1.555985348472333,1.5645150600064581,2.6098039215686226
00000160,159,/Users/henrychen/Downloads/EmperorAiphaton/EmperorAiphaton-MetricDistortion-4872305/spotifyday/00047-00000160.soc,1.8717948717948707,1.756670824675389,1.7987803914423444,2.474979491386382
00000161,160,/Users/henrychen/Downloads/EmperorAiphaton/EmperorAiphaton-MetricDistortion-4872305/spotifyday/00047-00000161.soc,1.8205128205128196,1.7057894544075811,1.7691542858210048,2.5136268343815553
00000162,161,/Users/henrychen/Downloads/EmperorAiphaton/EmperorAiphaton-MetricDistortion-4872305/spotifyday/00047-00000162.soc,1.8205128205128196,1.6818399129447474,1.7584327266667492,2.537735849056604
00000163,162,/Users/henrychen/Downloads/EmperorAiphaton/EmperorAiphaton-MetricDistortion-4872305/spotifyday/00047-00000163.soc,1.8205128205128194,1.733465825622147,1.7549394587071712,2.48957298907647
00000164,163,/Users/henrychen/Downloads/EmperorAiphaton/EmperorAiphaton-MetricDistortion-4872305/spotifyday/00047-00000164.soc,1.8421052631578956,1.7696587369065846,1.774130119209841,2.4675052410901426
00000165,164,/Users/henrychen/Downloads/EmperorAiphaton/EmperorAiphaton-MetricDistortion-4872305/spotifyday/00047-00000165.soc,1.8205128205128198,1.7697498407093635,1.7547135742271212,2.4696016771488436
00000166,165,/Users/henrychen/Downloads/EmperorAiphaton/EmperorAiphaton-MetricDistortion-4872305/spotifyday/00047-00000166.soc,1.789473684210527,1.7598712644616559,1.7310049778182721,2.5011764705882396
00000167,166,/Users/henrychen/Downloads/EmperorAiphaton/EmperorAiphaton-MetricDistortion-4872305/spotifyday/00047-00000167.soc,1.9729729729729715,1.7482831899266793,1.8723854605136956,2.463836477987422
00000168,167,/Users/henrychen/Downloads/EmperorAiphaton/EmperorAiphaton-MetricDistortion-4872305/spotifyday/00047-00000168.soc,1.8421052631578954,1.6925513301255255,1.7751540297805906,2.5258408531583285
00000169,168,/Users/henrychen/Downloads/EmperorAiphaton/EmperorAiphaton-MetricDistortion-4872305/spotifyday/00047-00000169.soc,1.8421052631578956,1.6921197857965655,1.7749608391068614,2.5162950257289856
00000170,169,/Users/henrychen/Downloads/EmperorAiphaton/EmperorAiphaton-MetricDistortion-4872305/spotifyday/00047-00000170.soc,1.8421052631578954,1.6929397200215919,1.7753279013869405,2.540880503144653
00000171,170,/Users/henrychen/Downloads/EmperorAiphaton/EmperorAiphaton-MetricDistortion-4872305/spotifyday/00047-00000171.soc,1.8421052631578956,1.6950974416663882,1.7762938547555691,2.556226415094342
00000172,171,/Users/henrychen/Downloads/EmperorAiphaton/EmperorAiphaton-MetricDistortion-4872305/spotifyday/00047-00000172.soc,1.8571428571428559,1.712540241788577,1.7924081941938228,2.5361781076066805
00000173,172,/Users/henrychen/Downloads/EmperorAiphaton/EmperorAiphaton-MetricDistortion-4872305/spotifyday/00047-00000173.soc,1.7027027027027013,1.6191116745417027,1.6649273276620242,2.6111111111111174
00000174,173,/Users/henrychen/Downloads/EmperorAiphaton/EmperorAiphaton-MetricDistortion-4872305/spotifyday/00047-00000174.soc,1.9999999999999984,1.7707998063441375,1.8973932992303493,2.5107351984385136
00000175,174,/Users/henrychen/Downloads/EmperorAiphaton/EmperorAiphaton-MetricDistortion-4872305/spotifyday/00047-00000175.soc,1.9999999999999984,1.770253183527458,1.897148591043632,2.50292778139232
00000176,175,/Users/henrychen/Downloads/EmperorAiphaton/EmperorAiphaton-MetricDistortion-4872305/spotifyday/00047-00000176.soc,1.9999999999999984,1.7731135361642232,1.8984290932212906,2.51203643461288
00000177,176,/Users/henrychen/Downloads/EmperorAiphaton/EmperorAiphaton-MetricDistortion-4872305/spotifyday/00047-00000177.soc,1.9999999999999984,1.7731663150157295,1.8984527208794422,2.5042290175666846
00000178,177,/Users/henrychen/Downloads/EmperorAiphaton/EmperorAiphaton-MetricDistortion-4872305/spotifyday/00047-00000178.soc,1.9189189189189195,1.7333030892905341,1.8358237540108726,2.529000698812018
00000179,178,/Users/henrychen/Downloads/EmperorAiphaton/EmperorAiphaton-MetricDistortion-4872305/spotifyday/00047-00000179.soc,1.8421052631578954,1.7003909171574032,1.7781096829357688,2.5655270655270597
00000180,179,/Users/henrychen/Downloads/EmperorAiphaton/EmperorAiphaton-MetricDistortion-4872305/spotifyday/00047-00000180.soc,1.9999999999999984,1.7710912405512944,1.8975237664084565,2.499556344276843
00000181,180,/Users/henrychen/Downloads/EmperorAiphaton/EmperorAiphaton-MetricDistortion-4872305/spotifyday/00047-00000181.soc,2.055555555555554,1.7953611197900612,1.9390735745123637,2.4792452830188716
00000182,181,/Users/henrychen/Downloads/EmperorAiphaton/EmperorAiphaton-MetricDistortion-4872305/spotifyday/00047-00000182.soc,2.142857142857141,1.8350101509184629,2.0050424068359467,2.4388314059647036
00000183,182,/Users/henrychen/Downloads/EmperorAiphaton/EmperorAiphaton-MetricDistortion-4872305/spotifyday/00047-00000183.soc,1.9729729729729715,1.7759259087012325,1.8847603548299634,2.4938191281717614
00000184,183,/Users/henrychen/Downloads/EmperorAiphaton/EmperorAiphaton-MetricDistortion-4872305/spotifyday/00047-00000184.soc,2.055555555555554,1.8015949213420497,1.9418642781339464,2.47039687703318
00000185,184,/Users/henrychen/Downloads/EmperorAiphaton/EmperorAiphaton-MetricDistortion-4872305/spotifyday/00047-00000185.soc,1.9999999999999984,1.7716652924705494,1.8977807538593214,2.5026954177897607
00000186,185,/Users/henrychen/Downloads/EmperorAiphaton/EmperorAiphaton-MetricDistortion-4872305/spotifyday/00047-00000186.soc,1.944444444444443,1.7420439640344383,1.8538352473150401,2.504901960784309
00000187,186,/Users/henrychen/Downloads/EmperorAiphaton/EmperorAiphaton-MetricDistortion-4872305/spotifyday/00047-00000187.soc,1.833333333333332,1.7630484245200062,1.7717693642074244,2.5414285714285723
00000188,187,/Users/henrychen/Downloads/EmperorAiphaton/EmperorAiphaton-MetricDistortion-4872305/spotifyday/00047-00000188.soc,1.9444444444444426,1.8656959130995552,1.860512412647392,2.456575682382137
00000189,188,/Users/henrychen/Downloads/EmperorAiphaton/EmperorAiphaton-MetricDistortion-4872305/spotifyday/00047-00000189.soc,1.8421052631578956,1.8746162751770314,1.782759167914713,2.476415094339618
00000190,189,/Users/henrychen/Downloads/EmperorAiphaton/EmperorAiphaton-MetricDistortion-4872305/spotifyday/00047-00000190.soc,1.918918918918918,1.9080128481391825,1.84956048011008,2.4551886792452833
00000191,190,/Users/henrychen/Downloads/EmperorAiphaton/EmperorAiphaton-MetricDistortion-4872305/spotifyday/00047-00000191.soc,2.0000000000000013,1.8601539186119156,1.9003972276135883,2.4237472766884482
00000192,191,/Users/henrychen/Downloads/EmperorAiphaton/EmperorAiphaton-MetricDistortion-4872305/spotifyday/00047-00000192.soc,2.0270270270270263,1.7972693651801193,1.9233059552705254,2.4927048260381612
00000193,192,/Users/henrychen/Downloads/EmperorAiphaton/EmperorAiphaton-MetricDistortion-4872305/spotifyday/00047-00000193.soc,2.055555555555554,1.7956353514196122,1.9391963405637629,2.4680462568472312
00000194,193,/Users/henrychen/Downloads/EmperorAiphaton/EmperorAiphaton-MetricDistortion-4872305/spotifyday/00047-00000194.soc,1.8888888888888875,1.73407229841906,1.8189523860064185,2.502222222222214
00000195,194,/Users/henrychen/Downloads/EmperorAiphaton/EmperorAiphaton-MetricDistortion-4872305/spotifyday/00047-00000195.soc,1.9999999999999984,1.897279836251287,1.9169338833051603,2.421911421911423
00000196,195,/Users/henrychen/Downloads/EmperorAiphaton/EmperorAiphaton-MetricDistortion-4872305/spotifyday/00047-00000196.soc,2.0555555555555536,1.9288072064066437,1.9587532703531734,2.3893653516295035
00000197,196,/Users/henrychen/Downloads/EmperorAiphaton/EmperorAiphaton-MetricDistortion-4872305/spotifyday/00047-00000197.soc,2.055555555555554,1.9787801263451377,1.9710541224406122,2.3844339622641475
00000198,197,/Users/henrychen/Downloads/EmperorAiphaton/EmperorAiphaton-MetricDistortion-4872305/spotifyday/00047-00000198.soc,2.111111111111109,1.9559501931786576,2.0042356058523687,2.3738207547169794
00000199,198,/Users/henrychen/Downloads/EmperorAiphaton/EmperorAiphaton-MetricDistortion-4872305/spotifyday/00047-00000199.soc,2.189189189189189,1.9654906718487575,2.0621154201798144,2.369312169312164
00000200,199,/Users/henrychen/Downloads/EmperorAiphaton/EmperorAiphaton-MetricDistortion-4872305/spotifyday/00047-00000200.soc,1.9729729729729724,1.819637784627794,1.8940717106085938,2.442758620689658
00000201,200,/Users/henrychen/Downloads/EmperorAiphaton/EmperorAiphaton-MetricDistortion-4872305/spotifyday/00047-00000201.soc,2.22222222222222,1.9482229681571537,2.0733512766994053,2.318396226415094
00000202,201,/Users/henrychen/Downloads/EmperorAiphaton/EmperorAiphaton-MetricDistortion-4872305/spotifyday/00047-00000202.soc,2.3142857142857123,1.9641768340749348,2.1438856172192615,2.2887364208118863
00000203,202,/Users/henrychen/Downloads/EmperorAiphaton/EmperorAiphaton-MetricDistortion-4872305/spotifyday/00047-00000203.soc,2.5294117647058796,2.0171013224597263,2.3000642959701234,2.1920088790233097
00000204,203,/Users/henrychen/Downloads/EmperorAiphaton/EmperorAiphaton-MetricDistortion-4872305/spotifyday/00047-00000204.soc,2.243243243243242,1.9919370718315361,2.130740296712908,2.2245891661594652
00000205,204,/Users/henrychen/Downloads/EmperorAiphaton/EmperorAiphaton-MetricDistortion-4872305/spotifyday/00047-00000205.soc,2.1666666666666656,1.9883172457496112,2.0832471410237337,2.274213836477995
00000206,205,/Users/henrychen/Downloads/EmperorAiphaton/EmperorAiphaton-MetricDistortion-4872305/spotifyday/00047-00000206.soc,2.3142857142857127,1.9906644037121206,2.1694092443008577,2.232311320754714
00000207,206,/Users/henrychen/Downloads/EmperorAiphaton/EmperorAiphaton-MetricDistortion-4872305/spotifyday/00047-00000207.soc,2.272727272727271,1.9841861106006558,2.14242741523652,2.2615384615384566
00000208,207,/Users/henrychen/Downloads/EmperorAiphaton/EmperorAiphaton-MetricDistortion-4872305/spotifyday/00047-00000208.soc,2.294117647058822,2.0007312506041157,2.161629771270071,2.233333333333328
00000209,208,/Users/henrychen/Downloads/EmperorAiphaton/EmperorAiphaton-MetricDistortion-4872305/spotifyday/00047-00000209.soc,1.8999999999999995,1.9293746276054908,1.9012231717190367,2.3428757319453473
00000210,209,/Users/henrychen/Downloads/EmperorAiphaton/EmperorAiphaton-MetricDistortion-4872305/spotifyday/00047-00000210.soc,1.878048780487806,1.898624988588506,1.8746466782341755,2.376010781671163
00000211,210,/Users/henrychen/Downloads/EmperorAiphaton/EmperorAiphaton-MetricDistortion-4872305/spotifyday/00047-00000211.soc,1.878048780487806,1.8790591361581424,1.863388408184972,2.392033542976943
00000212,211,/Users/henrychen/Downloads/EmperorAiphaton/EmperorAiphaton-MetricDistortion-4872305/spotifyday/00047-00000212.soc,1.878048780487806,1.8981168467425622,1.8638074997312752,2.392033542976942
00000213,212,/Users/henrychen/Downloads/EmperorAiphaton/EmperorAiphaton-MetricDistortion-4872305/spotifyday/00047-00000213.soc,1.947368421052632,1.8765266157664227,1.9156544691530184,2.3692722371967734
00000214,213,/Users/henrychen/Downloads/EmperorAiphaton/EmperorAiphaton-MetricDistortion-4872305/spotifyday/00047-00000214.soc,1.8717948717948711,1.8458730723669212,1.8523952229587615,2.4262890341321643
00000215,214,/Users/henrychen/Downloads/EmperorAiphaton/EmperorAiphaton-MetricDistortion-4872305/spotifyday/00047-00000215.soc,1.9714285714285706,1.8672221348112623,1.9168986027636725,2.3975694444444517
00000216,215,/Users/henrychen/Downloads/EmperorAiphaton/EmperorAiphaton-MetricDistortion-4872305/spotifyday/00047-00000216.soc,1.78048780487805,1.8326281850786692,1.7832629786159966,2.4570135746606274
00000217,216,/Users/henrychen/Downloads/EmperorAiphaton/EmperorAiphaton-MetricDistortion-4872305/spotifyday/00047-00000217.soc,1.8095238095238086,1.881454119696124,1.8129118358610732,2.442348008385743
00000218,217,/Users/henrychen/Downloads/EmperorAiphaton/EmperorAiphaton-MetricDistortion-4872305/spotifyday/00047-00000218.soc,1.8095238095238089,1.9267172822531726,1.8073795153302605,2.446037735849057
00000219,218,/Users/henrychen/Downloads/EmperorAiphaton/EmperorAiphaton-MetricDistortion-4872305/spotifyday/00047-00000219.soc,1.809523809523809,1.8351485642719771,1.7808081623207193,2.468531468531466
00000220,219,/Users/henrychen/Downloads/EmperorAiphaton/EmperorAiphaton-MetricDistortion-4872305/spotifyday/00047-00000220.soc,1.8095238095238093,1.821206396866993,1.7804343758860626,2.473338802296967
00000221,220,/Users/henrychen/Downloads/EmperorAiphaton/EmperorAiphaton-MetricDistortion-4872305/spotifyday/00047-00000221.soc,1.8499999999999994,1.835293701516033,1.8059858955720727,2.452847805788976
00000222,221,/Users/henrychen/Downloads/EmperorAiphaton/EmperorAiphaton-MetricDistortion-4872305/spotifyday/00047-00000222.soc,1.8421052631578951,1.8241944964986105,1.8060583987433687,2.4682539682539666
00000223,222,/Users/henrychen/Downloads/EmperorAiphaton/EmperorAiphaton-MetricDistortion-4872305/spotifyday/00047-00000223.soc,1.7272727272727262,1.8569613662537114,1.7101235059081161,2.496470588235289
00000224,223,/Users/henrychen/Downloads/EmperorAiphaton/EmperorAiphaton-MetricDistortion-4872305/spotifyday/00047-00000224.soc,1.7727272727272714,1.8725840696801814,1.7558298146490632,2.5157715260016946
00000225,224,/Users/henrychen/Downloads/EmperorAiphaton/EmperorAiphaton-MetricDistortion-4872305/spotifyday/00047-00000225.soc,1.7391304347826095,1.81547953641552,1.728864610699889,2.524528301886797
00000226,225,/Users/henrychen/Downloads/EmperorAiphaton/EmperorAiphaton-MetricDistortion-4872305/spotifyday/00047-00000226.soc,1.755555555555555,1.8237176588804447,1.7402765990775557,2.517628205128218
00000227,226,/Users/henrychen/Downloads/EmperorAiphaton/EmperorAiphaton-MetricDistortion-4872305/spotifyday/00047-00000227.soc,2.677419354838708,2.027268944691399,2.3863646767200124,2.244065733414492
00000228,227,/Users/henrychen/Downloads/EmperorAiphaton/EmperorAiphaton-MetricDistortion-4872305/spotifyday/00047-00000228.soc,2.023255813953488,2.013700165941441,1.9638397890986723,2.392592592592589
00000229,228,/Users/henrychen/Downloads/EmperorAiphaton/EmperorAiphaton-MetricDistortion-4872305/spotifyday/00047-00000229.soc,2.179487179487179,2.041739594946296,2.0675699897309254,2.3046153846153863
00000230,229,/Users/henrychen/Downloads/EmperorAiphaton/EmperorAiphaton-MetricDistortion-4872305/spotifyday/00047-00000230.soc,2.2499999999999996,2.0684532227768835,2.1015807599351537,2.2834757834757795
00000231,230,/Users/henrychen/Downloads/EmperorAiphaton/EmperorAiphaton-MetricDistortion-4872305/spotifyday/00047-00000231.soc,2.1904761904761902,2.0423747803499626,2.0572322269167667,2.317307692307692
00000232,231,/Users/henrychen/Downloads/EmperorAiphaton/EmperorAiphaton-MetricDistortion-4872305/spotifyday/00047-00000232.soc,2.181818181818181,2.0765126410027137,2.0568353147602325,2.3428757319453477
00000233,232,/Users/henrychen/Downloads/EmperorAiphaton/EmperorAiphaton-MetricDistortion-4872305/spotifyday/00047-00000233.soc,2.1904761904761902,2.0345027259237556,2.063573945153366,2.3296703296703276
00000234,233,/Users/henrychen/Downloads/EmperorAiphaton/EmperorAiphaton-MetricDistortion-4872305/spotifyday/00047-00000234.soc,2.61290322580645,1.9761288125896137,2.3278366181716788,2.169811320754721
00000235,234,/Users/henrychen/Downloads/EmperorAiphaton/EmperorAiphaton-MetricDistortion-4872305/spotifyday/00047-00000235.soc,2.1999999999999984,1.958155140137352,2.091732625645748,2.284651791751183
00000236,235,/Users/henrychen/Downloads/EmperorAiphaton/EmperorAiphaton-MetricDistortion-4872305/spotifyday/00047-00000236.soc,2.375,1.943260711104076,2.1817220480068147,2.2093726379440617
00000237,236,/Users/henrychen/Downloads/EmperorAiphaton/EmperorAiphaton-MetricDistortion-4872305/spotifyday/00047-00000237.soc,2.677419354838708,1.8915597972025104,2.3206802931261583,2.2367788461538414
00000238,237,/Users/henrychen/Downloads/EmperorAiphaton/EmperorAiphaton-MetricDistortion-4872305/spotifyday/00047-00000238.soc,2.625,1.885025077099402,2.2786807087005108,2.2465408805031597
00000239,238,/Users/henrychen/Downloads/EmperorAiphaton/EmperorAiphaton-MetricDistortion-4872305/spotifyday/00047-00000239.soc,2.5,1.8747023788048114,2.2176271477852922,2.292582417582415
00000240,239,/Users/henrychen/Downloads/EmperorAiphaton/EmperorAiphaton-MetricDistortion-4872305/spotifyday/00047-00000240.soc,2.4838709677419346,1.8848396961072644,2.2157009393493388,2.309523809523805
00000241,240,/Users/henrychen/Downloads/EmperorAiphaton/EmperorAiphaton-MetricDistortion-4872305/spotifyday/00047-00000241.soc,2.61290322580645,1.8872283678469952,2.2852018681219954,2.2717948717948664
00000242,241,/Users/henrychen/Downloads/EmperorAiphaton/EmperorAiphaton-MetricDistortion-4872305/spotifyday/00047-00000242.soc,2.655172413793103,1.9284671040542796,2.3268921704740655,2.2800000000000002
00000243,242,/Users/henrychen/Downloads/EmperorAiphaton/EmperorAiphaton-MetricDistortion-4872305/spotifyday/00047-00000243.soc,2.6000000000000014,1.8941899779628393,2.2811589475593004,2.300645161290328
00000244,243,/Users/henrychen/Downloads/EmperorAiphaton/EmperorAiphaton-MetricDistortion-4872305/spotifyday/00047-00000244.soc,2.548387096774192,1.879485705592478,2.2462190672981275,2.3503030303030235
00000245,244,/Users/henrychen/Downloads/EmperorAiphaton/EmperorAiphaton-MetricDistortion-4872305/spotifyday/00047-00000245.soc,2.4545454545454533,1.8739346113857231,2.1923523256216075,2.383484162895921
00000246,245,/Users/henrychen/Downloads/EmperorAiphaton/EmperorAiphaton-MetricDistortion-4872305/spotifyday/00047-00000246.soc,2.5,1.873987258303993,2.219751100378061,2.344362745098048
00000247,246,/Users/henrychen/Downloads/EmperorAiphaton/EmperorAiphaton-MetricDistortion-4872305/spotifyday/00047-00000247.soc,2.4545454545454533,1.8687299313642374,2.1900019882898873,2.3521634615384626
00000248,247,/Users/henrychen/Downloads/EmperorAiphaton/EmperorAiphaton-MetricDistortion-4872305/spotifyday/00047-00000248.soc,2.5757575757575744,1.900214026097946,2.2733350788513658,2.3611232996928604
00000249,248,/Users/henrychen/Downloads/EmperorAiphaton/EmperorAiphaton-MetricDistortion-4872305/spotifyday/00047-00000249.soc,2.263157894736843,1.899054986980151,2.1001589133239214,2.248710010319924
00000250,249,/Users/henrychen/Downloads/EmperorAiphaton/EmperorAiphaton-MetricDistortion-4872305/spotifyday/00047-00000250.soc,2.6666666666666683,1.9698686846232023,2.35189669316579,2.3057142857142767
00000251,250,/Users/henrychen/Downloads/EmperorAiphaton/EmperorAiphaton-MetricDistortion-4872305/spotifyday/00047-00000251.soc,2.5,1.998835483372534,2.2756422593989116,2.3256606990622366
00000252,251,/Users/henrychen/Downloads/EmperorAiphaton/EmperorAiphaton-MetricDistortion-4872305/spotifyday/00047-00000252.soc,2.4545454545454533,2.0267622635948594,2.2613664695889066,2.2995090016366535
00000253,252,/Users/henrychen/Downloads/EmperorAiphaton/EmperorAiphaton-MetricDistortion-4872305/spotifyday/00047-00000253.soc,2.4545454545454533,2.0218156777150647,2.255870665466088,2.2725752508361308
00000254,253,/Users/henrychen/Downloads/EmperorAiphaton/EmperorAiphaton-MetricDistortion-4872305/spotifyday/00047-00000254.soc,2.136363636363636,2.051502261669084,2.0983735040635763,2.1889483065953628
00000255,254,/Users/henrychen/Downloads/EmperorAiphaton/EmperorAiphaton-MetricDistortion-4872305/spotifyday/00047-00000255.soc,2.1304347826086967,2.0200687574099647,2.0810269110791255,2.2469237079573476
00000256,255,/Users/henrychen/Downloads/EmperorAiphaton/EmperorAiphaton-MetricDistortion-4872305/spotifyday/00047-00000256.soc,2.069767441860465,1.992644249005074,2.0349279819352235,2.241481481481478
00000257,256,/Users/henrychen/Downloads/EmperorAiphaton/EmperorAiphaton-MetricDistortion-4872305/spotifyday/00047-00000257.soc,2.0476190476190466,2.030597384971859,2.0287951488071987,2.1883333333333317
00000258,257,/Users/henrychen/Downloads/EmperorAiphaton/EmperorAiphaton-MetricDistortion-4872305/spotifyday/00047-00000258.soc,2.170731707317074,2.0013969232767,2.089883032325857,2.28372093023256
00000259,258,/Users/henrychen/Downloads/EmperorAiphaton/EmperorAiphaton-MetricDistortion-4872305/spotifyday/00047-00000259.soc,2.6666666666666683,1.995459772823097,2.365473707450346,2.22663018695851
00000260,259,/Users/henrychen/Downloads/EmperorAiphaton/EmperorAiphaton-MetricDistortion-4872305/spotifyday/00047-00000260.soc,2.3750000000000004,2.021058285521452,2.2151111556601486,2.2240000000000024
00000261,260,/Users/henrychen/Downloads/EmperorAiphaton/EmperorAiphaton-MetricDistortion-4872305/spotifyday/00047-00000261.soc,2.19047619047619,1.9926448364401113,2.099689788208727,2.2339869281045694
00000262,261,/Users/henrychen/Downloads/EmperorAiphaton/EmperorAiphaton-MetricDistortion-4872305/spotifyday/00047-00000262.soc,2.2750000000000017,2.048325348422447,2.173523915815694,2.1250000000000053
00000263,262,/Users/henrychen/Downloads/EmperorAiphaton/EmperorAiphaton-MetricDistortion-4872305/spotifyday/00047-00000263.soc,2.344086021505375,2.0383696983614494,2.194828202975667,2.1212903225806463
00000264,263,/Users/henrychen/Downloads/EmperorAiphaton/EmperorAiphaton-MetricDistortion-4872305/spotifyday/00047-00000264.soc,2.264516129032257,2.09098286259388,2.186829999457007,2.1283739302172484
00000265,264,/Users/henrychen/Downloads/EmperorAiphaton/EmperorAiphaton-MetricDistortion-4872305/spotifyday/00047-00000265.soc,2.1515151515151505,2.0176213131007255,2.063636309738001,2.2413793103448314
00000266,265,/Users/henrychen/Downloads/EmperorAiphaton/EmperorAiphaton-MetricDistortion-4872305/spotifyday/00047-00000266.soc,2.15151515151515,2.004362181174957,2.0546930889831407,2.2685714285714296
00000267,266,/Users/henrychen/Downloads/EmperorAiphaton/EmperorAiphaton-MetricDistortion-4872305/spotifyday/00047-00000267.soc,2.117647058823527,2.01819948994373,2.0249022154554277,2.2873563218390838
00000268,267,/Users/henrychen/Downloads/EmperorAiphaton/EmperorAiphaton-MetricDistortion-4872305/spotifyday/00047-00000268.soc,2.117647058823527,2.0394708269857724,2.0194881389390322,2.2689075630252065
00000269,268,/Users/henrychen/Downloads/EmperorAiphaton/EmperorAiphaton-MetricDistortion-4872305/spotifyday/00047-00000269.soc,1.8800000000000012,2.072397297117006,1.8821971768673367,2.386153846153844
00000270,269,/Users/henrychen/Downloads/EmperorAiphaton/EmperorAiphaton-MetricDistortion-4872305/spotifyday/00047-00000270.soc,1.999999999999998,2.05558956724693,1.937588320201411,2.3185185185185135
00000271,270,/Users/henrychen/Downloads/EmperorAiphaton/EmperorAiphaton-MetricDistortion-4872305/spotifyday/00047-00000271.soc,2.1333333333333346,2.085564535526702,2.009333512140705,2.2817391304347803
00000272,271,/Users/henrychen/Downloads/EmperorAiphaton/EmperorAiphaton-MetricDistortion-4872305/spotifyday/00047-00000272.soc,1.999999999999998,2.0561480609578506,1.938440368667021,2.3185185185185135
00000273,272,/Users/henrychen/Downloads/EmperorAiphaton/EmperorAiphaton-MetricDistortion-4872305/spotifyday/00047-00000273.soc,1.9565217391304361,2.115115549902291,1.9352637254735308,2.3616326530612284
00000274,273,/Users/henrychen/Downloads/EmperorAiphaton/EmperorAiphaton-MetricDistortion-4872305/spotifyday/00047-00000274.soc,1.9411764705882335,2.0673518064381193,1.935964346594398,2.3466666666666605
00000275,274,/Users/henrychen/Downloads/EmperorAiphaton/EmperorAiphaton-MetricDistortion-4872305/spotifyday/00047-00000275.soc,1.9333333333333327,2.0719689747823025,1.920846028816284,2.381666666666665
00000276,275,/Users/henrychen/Downloads/EmperorAiphaton/EmperorAiphaton-MetricDistortion-4872305/spotifyday/00047-00000276.soc,1.7999999999999994,1.9732314318436828,1.7972724267595648,2.492424242424247
00000277,276,/Users/henrychen/Downloads/EmperorAiphaton/EmperorAiphaton-MetricDistortion-4872305/spotifyday/00047-00000277.soc,1.7906976744186047,1.9708440740353093,1.798487430976556,2.480331262939954
00000278,277,/Users/henrychen/Downloads/EmperorAiphaton/EmperorAiphaton-MetricDistortion-4872305/spotifyday/00047-00000278.soc,1.9696969696969684,2.075794082245857,1.912603475421975,2.3485086342229198
00000279,278,/Users/henrychen/Downloads/EmperorAiphaton/EmperorAiphaton-MetricDistortion-4872305/spotifyday/00047-00000279.soc,1.9696969696969684,2.0735220878032217,1.907797554637016,2.34850863422292
00000280,279,/Users/henrychen/Downloads/EmperorAiphaton/EmperorAiphaton-MetricDistortion-4872305/spotifyday/00047-00000280.soc,1.8085106382978715,2.0279415167982893,1.814716218344773,2.4747116237799482
00000281,280,/Users/henrychen/Downloads/EmperorAiphaton/EmperorAiphaton-MetricDistortion-4872305/spotifyday/00047-00000281.soc,1.7692307692307683,1.8821434281051022,1.7316703320645006,2.4903381642512117
00000282,281,/Users/henrychen/Downloads/EmperorAiphaton/EmperorAiphaton-MetricDistortion-4872305/spotifyday/00047-00000282.soc,2.0,2.032217236091688,1.907525613734838,2.357371794871796
00000283,282,/Users/henrychen/Downloads/EmperorAiphaton/EmperorAiphaton-MetricDistortion-4872305/spotifyday/00047-00000283.soc,1.6956521739130448,1.8766143631905379,1.7009277175982964,2.5645833333333345
00000284,283,/Users/henrychen/Downloads/EmperorAiphaton/EmperorAiphaton-MetricDistortion-4872305/spotifyday/00047-00000284.soc,2.066666666666668,2.077674348225262,1.9540032282723012,2.3442028985507215
00000285,284,/Users/henrychen/Downloads/EmperorAiphaton/EmperorAiphaton-MetricDistortion-4872305/spotifyday/00047-00000285.soc,1.8260869565217404,2.0045929184419298,1.8400387390400181,2.444444444444447
00000286,285,/Users/henrychen/Downloads/EmperorAiphaton/EmperorAiphaton-MetricDistortion-4872305/spotifyday/00047-00000286.soc,1.7906976744186047,2.0150434261334693,1.8036493558787432,2.4878306878306833
00000287,286,/Users/henrychen/Downloads/EmperorAiphaton/EmperorAiphaton-MetricDistortion-4872305/spotifyday/00047-00000287.soc,1.9696969696969684,2.0237911314921435,1.903004915427623,2.359999999999995
00000288,287,/Users/henrychen/Downloads/EmperorAiphaton/EmperorAiphaton-MetricDistortion-4872305/spotifyday/00047-00000288.soc,1.6666666666666659,1.8178859458907455,1.6640300265263595,2.585185185185184
00000289,288,/Users/henrychen/Downloads/EmperorAiphaton/EmperorAiphaton-MetricDistortion-4872305/spotifyday/00047-00000289.soc,1.6190476190476184,1.7658946421544537,1.626938556599436,2.64973262032085
00000290,289,/Users/henrychen/Downloads/EmperorAiphaton/EmperorAiphaton-MetricDistortion-4872305/spotifyday/00047-00000290.soc,1.9696969696969684,2.0585271267185847,1.917522844713925,2.3766666666666616
00000291,290,/Users/henrychen/Downloads/EmperorAiphaton/EmperorAiphaton-MetricDistortion-4872305/spotifyday/00047-00000291.soc,1.9696969696969684,2.021211924042523,1.8894820382577364,2.3849999999999953
00000292,291,/Users/henrychen/Downloads/EmperorAiphaton/EmperorAiphaton-MetricDistortion-4872305/spotifyday/00047-00000292.soc,1.9696969696969684,2.0468465635069553,1.9260219812880515,2.375000000000004
00000293,292,/Users/henrychen/Downloads/EmperorAiphaton/EmperorAiphaton-MetricDistortion-4872305/spotifyday/00047-00000293.soc,1.6666666666666656,1.8504809278957546,1.6431168359686625,2.6279069767441885
00000294,293,/Users/henrychen/Downloads/EmperorAiphaton/EmperorAiphaton-MetricDistortion-4872305/spotifyday/00047-00000294.soc,1.7647058823529398,1.9172017894493427,1.7415713577353236,2.494773519163767
00000295,294,/Users/henrychen/Downloads/EmperorAiphaton/EmperorAiphaton-MetricDistortion-4872305/spotifyday/00047-00000295.soc,1.7222222222222212,1.8708834465451751,1.687894983951168,2.518272425249172
00000296,295,/Users/henrychen/Downloads/EmperorAiphaton/EmperorAiphaton-MetricDistortion-4872305/spotifyday/00047-00000296.soc,1.9999999999999987,1.9511024478591747,1.8921049603488507,2.416666666666666
00000297,296,/Users/henrychen/Downloads/EmperorAiphaton/EmperorAiphaton-MetricDistortion-4872305/spotifyday/00047-00000297.soc,1.9047619047619038,2.024498016280767,1.9049390925725465,2.382575757575768
00000298,297,/Users/henrychen/Downloads/EmperorAiphaton/EmperorAiphaton-MetricDistortion-4872305/spotifyday/00047-00000298.soc,1.9411764705882335,2.0560954841636114,1.9005705911402337,2.369614512471647
00000299,298,/Users/henrychen/Downloads/EmperorAiphaton/EmperorAiphaton-MetricDistortion-4872305/spotifyday/00047-00000299.soc,2.0731707317073185,2.0206369164901856,1.9732201649274728,2.3301812450748574
00000300,299,/Users/henrychen/Downloads/EmperorAiphaton/EmperorAiphaton-MetricDistortion-4872305/spotifyday/00047-00000300.soc,1.9189189189189182,1.9014621984877174,1.87069503543698,2.3037190082644634
00000301,300,/Users/henrychen/Downloads/EmperorAiphaton/EmperorAiphaton-MetricDistortion-4872305/spotifyday/00047-00000301.soc,2.0697674418604652,1.9704044586300302,1.9692537503398748,2.2859259259259237
00000302,301,/Users/henrychen/Downloads/EmperorAiphaton/EmperorAiphaton-MetricDistortion-4872305/spotifyday/00047-00000302.soc,2.5862068965517233,1.9634906890769999,2.3047970515147913,2.274305555555562
00000303,302,/Users/henrychen/Downloads/EmperorAiphaton/EmperorAiphaton-MetricDistortion-4872305/spotifyday/00047-00000303.soc,2.0555555555555545,1.9396648372550338,1.9705073295850404,2.247035573122529
00000304,303,/Users/henrychen/Downloads/EmperorAiphaton/EmperorAiphaton-MetricDistortion-4872305/spotifyday/00047-00000304.soc,1.829268292682928,1.9573906345620258,1.8148030971586406,2.4066666666666663
00000305,304,/Users/henrychen/Downloads/EmperorAiphaton/EmperorAiphaton-MetricDistortion-4872305/spotifyday/00047-00000305.soc,2.212121212121211,1.9976841893570763,2.0336628642672543,2.3086680761099316
00000306,305,/Users/henrychen/Downloads/EmperorAiphaton/EmperorAiphaton-MetricDistortion-4872305/spotifyday/00047-00000306.soc,2.1515151515151505,2.0202559438556857,2.017802651840229,2.27293844367015
00000307,306,/Users/henrychen/Downloads/EmperorAiphaton/EmperorAiphaton-MetricDistortion-4872305/spotifyday/00047-00000307.soc,2.555555555555555,1.9940169225730737,2.3016889746465106,2.301863354037265
00000308,307,/Users/henrychen/Downloads/EmperorAiphaton/EmperorAiphaton-MetricDistortion-4872305/spotifyday/00047-00000308.soc,2.11111111111111,2.01073867141231,1.9731000413116346,2.287878787878791
00000309,308,/Users/henrychen/Downloads/EmperorAiphaton/EmperorAiphaton-MetricDistortion-4872305/spotifyday/00047-00000309.soc,2.25,2.0600484274332764,2.031076451636246,2.2756097560975586
00000310,309,/Users/henrychen/Downloads/EmperorAiphaton/EmperorAiphaton-MetricDistortion-4872305/spotifyday/00047-00000310.soc,2.749999999999999,2.0613881920429495,2.4385465727890834,2.2752525252525273
00000311,310,/Users/henrychen/Downloads/EmperorAiphaton/EmperorAiphaton-MetricDistortion-4872305/spotifyday/00047-00000311.soc,2.357142857142857,1.9434853820242903,2.1701320217207867,2.3820816864295136
00000312,311,/Users/henrychen/Downloads/EmperorAiphaton/EmperorAiphaton-MetricDistortion-4872305/spotifyday/00047-00000312.soc,2.259259259259259,1.8997051961987292,2.098296672053254,2.411387329591015
00000313,312,/Users/henrychen/Downloads/EmperorAiphaton/EmperorAiphaton-MetricDistortion-4872305/spotifyday/00047-00000313.soc,2.3076923076923075,1.9160419398138482,2.130465999228946,2.408163265306122
00000314,313,/Users/henrychen/Downloads/EmperorAiphaton/EmperorAiphaton-MetricDistortion-4872305/spotifyday/00047-00000314.soc,2.407407407407407,2.0089960399424105,2.098245570989436,2.233918128654974
00000315,314,/Users/henrychen/Downloads/EmperorAiphaton/EmperorAiphaton-MetricDistortion-4872305/spotifyday/00047-00000315.soc,2.5384615384615374,1.9297509590732402,2.2659583469136573,2.331746031746027
00000316,315,/Users/henrychen/Downloads/EmperorAiphaton/EmperorAiphaton-MetricDistortion-4872305/spotifyday/00047-00000316.soc,1.9677419354838697,1.810318659386383,1.8965722839033419,2.489130434782608
00000317,316,/Users/henrychen/Downloads/EmperorAiphaton/EmperorAiphaton-MetricDistortion-4872305/spotifyday/00047-00000317.soc,2.125,1.9838362133390817,1.9526243768502918,2.3530166880616163
00000318,317,/Users/henrychen/Downloads/EmperorAiphaton/EmperorAiphaton-MetricDistortion-4872305/spotifyday/00047-00000318.soc,1.8484848484848473,1.9761660038115645,1.7831426690096035,2.454887218045112
00000319,318,/Users/henrychen/Downloads/EmperorAiphaton/EmperorAiphaton-MetricDistortion-4872305/spotifyday/00047-00000319.soc,2.0000000000000013,2.0014980353863634,1.8996801932938563,2.3684210526315783
00000320,319,/Users/henrychen/Downloads/EmperorAiphaton/EmperorAiphaton-MetricDistortion-4872305/spotifyday/00047-00000320.soc,2.117647058823528,1.9492782204307644,1.9779121459690496,2.294784580498865
00000321,320,/Users/henrychen/Downloads/EmperorAiphaton/EmperorAiphaton-MetricDistortion-4872305/spotifyday/00047-00000321.soc,2.739130434782609,2.184188425809784,2.488012775442082,2.3126293995859193
00000322,321,/Users/henrychen/Downloads/EmperorAiphaton/EmperorAiphaton-MetricDistortion-4872305/spotifyday/00047-00000322.soc,2.5000000000000004,2.1234714175188665,2.3314383815405018,2.255813953488368
00000323,322,/Users/henrychen/Downloads/EmperorAiphaton/EmperorAiphaton-MetricDistortion-4872305/spotifyday/00047-00000323.soc,2.769230769230769,2.147901335501687,2.491078459369552,2.288052373158755
00000324,323,/Users/henrychen/Downloads/EmperorAiphaton/EmperorAiphaton-MetricDistortion-4872305/spotifyday/00047-00000324.soc,2.1333333333333346,2.049913383220095,1.9985374433299112,2.262541806020072
00000325,324,/Users/henrychen/Downloads/EmperorAiphaton/EmperorAiphaton-MetricDistortion-4872305/spotifyday/00047-00000325.soc,2.2413793103448283,2.0883764314255497,2.0792615250203244,2.208547008547005
00000326,325,/Users/henrychen/Downloads/EmperorAiphaton/EmperorAiphaton-MetricDistortion-4872305/spotifyday/00047-00000326.soc,1.8499999999999988,1.956482074368092,1.8513922253644821,2.3878787878787855
00000327,326,/Users/henrychen/Downloads/EmperorAiphaton/EmperorAiphaton-MetricDistortion-4872305/spotifyday/00047-00000327.soc,2.5238095238095237,1.9647124321396374,2.2641332641337235,2.1916461916461922
00000328,327,/Users/henrychen/Downloads/EmperorAiphaton/EmperorAiphaton-MetricDistortion-4872305/spotifyday/00047-00000328.soc,1.7878787878787872,1.932035369395289,1.7928260286962783,2.4022556390977443
00000329,328,/Users/henrychen/Downloads/EmperorAiphaton/EmperorAiphaton-MetricDistortion-4872305/spotifyday/00047-00000329.soc,2.1034482758620694,2.0529417020627427,1.9837072407580618,2.275720164609051
00000330,329,/Users/henrychen/Downloads/EmperorAiphaton/EmperorAiphaton-MetricDistortion-4872305/spotifyday/00047-00000330.soc,1.606060606060605,1.7896755396365482,1.616887235083248,2.578947368421054
00000331,330,/Users/henrychen/Downloads/EmperorAiphaton/EmperorAiphaton-MetricDistortion-4872305/spotifyday/00047-00000331.soc,1.717948717948717,1.8651353632340641,1.7186209072137135,2.540616246498595
00000332,331,/Users/henrychen/Downloads/EmperorAiphaton/EmperorAiphaton-MetricDistortion-4872305/spotifyday/00047-00000332.soc,1.6666666666666659,1.7660776890611385,1.6665649373472449,2.57727272727273
00000333,332,/Users/henrychen/Downloads/EmperorAiphaton/EmperorAiphaton-MetricDistortion-4872305/spotifyday/00047-00000333.soc,1.6111111111111103,1.7103989546655114,1.6199984182157037,2.5716440422322733
00000334,333,/Users/henrychen/Downloads/EmperorAiphaton/EmperorAiphaton-MetricDistortion-4872305/spotifyday/00047-00000334.soc,1.7333333333333345,1.802744621284944,1.749244959339067,2.4757834757834742
00000335,334,/Users/henrychen/Downloads/EmperorAiphaton/EmperorAiphaton-MetricDistortion-4872305/spotifyday/00047-00000335.soc,2.1851851851851842,2.0047679527542086,2.045580481492585,2.2590216519647117
00000336,335,/Users/henrychen/Downloads/EmperorAiphaton/EmperorAiphaton-MetricDistortion-4872305/spotifyday/00047-00000336.soc,2.1428571428571437,1.9005423071897078,2.0079878234682718,2.3327272727272734
00000337,336,/Users/henrychen/Downloads/EmperorAiphaton/EmperorAiphaton-MetricDistortion-4872305/spotifyday/00047-00000337.soc,1.5789473684210533,1.6058714697147969,1.5857560227212164,2.6210526315789413
00000338,337,/Users/henrychen/Downloads/EmperorAiphaton/EmperorAiphaton-MetricDistortion-4872305/spotifyday/00047-00000338.soc,1.6111111111111103,1.6714463362901877,1.6131765368361994,2.5555555555555514
00000339,338,/Users/henrychen/Downloads/EmperorAiphaton/EmperorAiphaton-MetricDistortion-4872305/spotifyday/00047-00000339.soc,2.1176470588235277,1.9623245105524565,2.0023814608431376,2.2115171650055374
00000340,339,/Users/henrychen/Downloads/EmperorAiphaton/EmperorAiphaton-MetricDistortion-4872305/spotifyday/00047-00000340.soc,2.076923076923077,1.8934638401179227,1.993812281131724,2.3844393592677378
00000341,340,/Users/henrychen/Downloads/EmperorAiphaton/EmperorAiphaton-MetricDistortion-4872305/spotifyday/00047-00000341.soc,2.230769230769231,1.9376149684073924,2.0746490684173016,2.3253588516746433
00000342,341,/Users/henrychen/Downloads/EmperorAiphaton/EmperorAiphaton-MetricDistortion-4872305/spotifyday/00047-00000342.soc,1.9444444444444435,1.8804833313760325,1.882292637274825,2.356613756613755
00000343,342,/Users/henrychen/Downloads/EmperorAiphaton/EmperorAiphaton-MetricDistortion-4872305/spotifyday/00047-00000343.soc,2.0714285714285725,1.9440780885733588,1.9608030443342768,2.2750601443464276
00000344,343,/Users/henrychen/Downloads/EmperorAiphaton/EmperorAiphaton-MetricDistortion-4872305/spotifyday/00047-00000344.soc,1.8205128205128196,1.918474372859403,1.822706293490212,2.4523809523809543
00000345,344,/Users/henrychen/Downloads/EmperorAiphaton/EmperorAiphaton-MetricDistortion-4872305/spotifyday/00047-00000345.soc,1.6451612903225799,1.7040282198662542,1.6264702282975265,2.558558558558563
00000346,345,/Users/henrychen/Downloads/EmperorAiphaton/EmperorAiphaton-MetricDistortion-4872305/spotifyday/00047-00000346.soc,1.64516129032258,1.8001017668442882,1.6340321362405221,2.5333333333333297
00000347,346,/Users/henrychen/Downloads/EmperorAiphaton/EmperorAiphaton-MetricDistortion-4872305/spotifyday/00047-00000347.soc,1.857142857142858,1.7883997770808817,1.816903667015944,2.463659147869669
00000348,347,/Users/henrychen/Downloads/EmperorAiphaton/EmperorAiphaton-MetricDistortion-4872305/spotifyday/00047-00000348.soc,2.3076923076923084,2.0611233186087023,2.1973100690107676,2.2515592515592484
00000349,348,/Users/henrychen/Downloads/EmperorAiphaton/EmperorAiphaton-MetricDistortion-4872305/spotifyday/00047-00000349.soc,2.2307692307692313,1.9743981481529285,2.1146963767041513,2.2624999999999993
00000350,349,/Users/henrychen/Downloads/EmperorAiphaton/EmperorAiphaton-MetricDistortion-4872305/spotifyday/00047-00000350.soc,2.280000000000001,1.9898986102540408,2.1501294880438997,2.27350427350427
00000351,350,/Users/henrychen/Downloads/EmperorAiphaton/EmperorAiphaton-MetricDistortion-4872305/spotifyday/00047-00000351.soc,2.066666666666668,1.9158887371915674,1.9991674833302506,2.3170731707317045
00000352,351,/Users/henrychen/Downloads/EmperorAiphaton/EmperorAiphaton-MetricDistortion-4872305/spotifyday/00047-00000352.soc,2.1724137931034484,1.9557221254423467,2.0743059251611493,2.2673913043478278
00000353,352,/Users/henrychen/Downloads/EmperorAiphaton/EmperorAiphaton-MetricDistortion-4872305/spotifyday/00047-00000353.soc,2.25,1.9805501317618839,2.1281300524409166,2.2132867132867133
00000354,353,/Users/henrychen/Downloads/EmperorAiphaton/EmperorAiphaton-MetricDistortion-4872305/spotifyday/00047-00000354.soc,1.4516129032258058,1.5021471729264715,1.4745209657270495,2.663194444444449
00000355,354,/Users/henrychen/Downloads/EmperorAiphaton/EmperorAiphaton-MetricDistortion-4872305/spotifyday/00047-00000355.soc,1.5185185185185186,1.538903503187908,1.507826710738244,2.666666666666669
00000356,355,/Users/henrychen/Downloads/EmperorAiphaton/EmperorAiphaton-MetricDistortion-4872305/spotifyday/00047-00000356.soc,1.7857142857142863,1.677750359083621,1.7373817684636998,2.547652916073971
00000357,356,/Users/henrychen/Downloads/EmperorAiphaton/EmperorAiphaton-MetricDistortion-4872305/spotifyday/00047-00000357.soc,2.1724137931034484,1.9599110995116051,2.0040442601083157,2.2280701754385976
00000358,357,/Users/henrychen/Downloads/EmperorAiphaton/EmperorAiphaton-MetricDistortion-4872305/spotifyday/00047-00000358.soc,2.185185185185185,1.9599442930602555,2.0518553226484073,2.312499999999995
00000359,358,/Users/henrychen/Downloads/EmperorAiphaton/EmperorAiphaton-MetricDistortion-4872305/spotifyday/00047-00000359.soc,2.1428571428571432,1.9407053562847465,2.013012769281228,2.2984189723320188
00000360,359,/Users/henrychen/Downloads/EmperorAiphaton/EmperorAiphaton-MetricDistortion-4872305/spotifyday/00047-00000360.soc,1.8387096774193539,1.876218805539332,1.7865381293355411,2.4248120300751865
00000361,360,/Users/henrychen/Downloads/EmperorAiphaton/EmperorAiphaton-MetricDistortion-4872305/spotifyday/00047-00000361.soc,2.7272727272727257,2.0768989424035635,2.4053847213752015,2.162105263157895
00000362,361,/Users/henrychen/Downloads/EmperorAiphaton/EmperorAiphaton-MetricDistortion-4872305/spotifyday/00047-00000362.soc,2.055555555555554,2.048423369474997,2.009425135835177,2.338753387533873
